,Filepath,Label
0,003-1PR-S2-E6-M6-C4-08.wav,1
1,005-0PR-S2-E6-M10-C0-09.wav,0
2,003-1PR-S2-E6-M6-C6-04.wav,1
3,007-0PR-S2-E6-M7-C0-02.wav,0
4,002-2PR-S8-E4-M16-C60-04.wav,1
5,003-2PR-S2-E6-M6-C1-06.wav,1
6,003-1PR-S2-E6-M6-C4-03.wav,1
7,003-2PR-S2-E6-M6-C9-08.wav,1
8,003-0PR-S2-E6-M6-C0-09.wav,0
9,003-1PR-S2-E6-M6-26C-07.wav,1
10,007-0PR-S2-E6-M7-C0-05.wav,0
11,010-0PR-S2-E6-M2-C0-03.wav,0
12,003-1PR-S2-E6-M6-C3-05.wav,1
13,001-0PR-S7-E2-M12-C0-09.wav,0
14,003-1PR-S2-E6-M6-C8-04.wav,1
15,209-2PR-S17-E11-M12-C59-06.wav,1
16,003-2PR-S2-E6-M6-C1-07.wav,1
17,006-0PR-S2-E6-M2-C0-04.wav,0
18,206-2PR-S16-E2-M31-C59-08.wav,1
19,003-2PR-S2-E6-M6-C4-04.wav,1
20,003-1PR-S2-E6-M6-C7-05.wav,1
21,009-0PR-S2-E6-M10-C0-08.wav,0
22,002-1PR-S8-E4-M16-C33-03.wav,1
23,003-1PR-S2-E6-M6-C5-03.wav,1
24,001-1PR-S7-E2-M12-C33-09.wav,1
25,097-0PR-S6-E8-M12-C0-05.wav,0
26,001-2PR-S7-E2-M12-C60-03.wav,1
27,003-1PR-S2-E6-M6-C16-07.wav,1
28,124-0PR-S7-E7-M13-C0-05.wav,0
29,003-1PR-S2-E6-M6-C12-09.wav,1
30,123-0PR-S6-E5-M11-C0-05.wav,0
31,003-1PR-S2-E6-M6-C7-01.wav,1
32,001-2PR-S7-E2-M12-C33-08.wav,1
33,003-2PR-S2-E6-M6-C9-02.wav,1
34,003-2PR-S2-E6-M6-C2-09.wav,1
35,002-2PR-S8-E4-M16-C33-05.wav,1
36,006-0PR-S2-E6-M2-C0-01.wav,0
37,003-2PR-S2-E6-M6-C3-07.wav,1
38,007-0PR-S2-E6-M7-C0-06.wav,0
39,001-2PR-S7-E2-M12-C60-01.wav,1
40,001-1PR-S7-E2-M12-C43-09.wav,1
41,002-0PR-S8-E4-M16-C0-01.wav,0
42,002-2PR-S8-E4-M16-C60-06.wav,1
43,009-0PR-S2-E6-M10-C0-04.wav,0
44,002-0PR-S8-E4-M16-C0-04.wav,0
45,206-2PR-S16-E2-M31-C59-04.wav,1
46,003-2PR-S2-E6-M6-C11-06.wav,1
47,126-0PR-S7-E7-M13-C37-09.wav,0
48,205-2PR-S16-E2-M31-C59-27.wav,1
49,001-1PR-S7-E2-M12-C43-04.wav,1
50,003-1PR-S2-E6-M6-C3-06.wav,1
51,003-2PR-S2-E6-M6-26C-01.wav,1
52,003-1PR-S2-E6-M6-26C-08.wav,1
53,003-0PR-S2-E6-M6-C0-02.wav,0
54,205-2PR-S16-E2-M31-C59-32.wav,1
55,002-2PR-S8-E4-M16-C33-03.wav,1
56,126-0PR-S7-E7-M13-C37-01.wav,0
57,003-2PR-S2-E6-M6-C12-03.wav,1
58,003-1PR-S2-E6-M6-C3-02.wav,1
59,100-0PR-S6-E8-M14-C0-06.wav,0
60,001-2PR-S7-E2-M12-C43-03.wav,1
61,003-2PR-S2-E6-M6-C10-02.wav,1
62,003-0PR-S2-E6-M6-C0-03.wav,0
63,003-1PR-S2-E6-M6-C10-06.wav,1
64,002-1PR-S8-E4-M16-C33-08.wav,1
65,003-1PR-S2-E6-M6-C15-06.wav,1
66,123-0PR-S6-E5-M11-C0-03.wav,0
67,095-0PR-S6-E8-M6-C0-01.wav,0
68,123-0PR-S6-E5-M11-C0-07.wav,0
69,003-1PR-S2-E6-M6-C8-08.wav,1
70,003-1PR-S2-E6-M6-C1-05.wav,1
71,005-0PR-S2-E6-M10-C0-03.wav,0
72,208-2PR-S16-E2-M11-C59-03.wav,1
73,010-0PR-S2-E6-M2-C0-06.wav,0
74,002-2PR-S8-E4-M16-C43-02.wav,1
75,210-0PR-S18-E15-M35-C0-32.wav,0
76,003-1PR-S2-E6-M6-C14-05.wav,1
77,005-0PR-S2-E6-M10-C0-05.wav,0
78,003-2PR-S2-E6-M6-C11-08.wav,1
79,003-2PR-S2-E6-M6-C2-07.wav,1
80,003-1PR-S2-E6-M6-C13-03.wav,1
81,003-1PR-S2-E6-M6-C6-09.wav,1
82,207-2PR-S16-E2-M11-C59-09.wav,1
83,003-1PR-S2-E6-M6-C3-07.wav,1
84,003-1PR-S2-E6-M6-C8-03.wav,1
85,003-1PR-S2-E6-M6-C16-06.wav,1
86,003-2PR-S2-E6-M6-C5-06.wav,1
87,003-2PR-S2-E6-M6-C10-01.wav,1
88,003-1PR-S2-E6-M6-C1-01.wav,1
89,003-1PR-S2-E6-M6-C14-01.wav,1
90,095-0PR-S6-E8-M6-C0-03.wav,0
91,003-2PR-S2-E6-M6-C11-01.wav,1
92,003-1PR-S2-E6-M6-C5-05.wav,1
93,003-2PR-S2-E6-M6-26C-08.wav,1
94,002-2PR-S8-E4-M16-C60-05.wav,1
95,003-2PR-S2-E6-M6-C9-06.wav,1
96,094-0PR-S6-E8-M16-C0-06.wav,0
97,003-1PR-S2-E6-M6-C9-03.wav,1
98,005-0PR-S2-E6-M10-C0-01.wav,0
99,003-1PR-S2-E6-M6-C8-02.wav,1
100,003-1PR-S2-E6-M6-C16-02.wav,1
101,211-0PR-S19-E2-M32-C0-05.wav,0
102,095-0PR-S6-E8-M6-C0-04.wav,0
103,003-1PR-S2-E6-M6-C18-01.wav,1
104,003-1PR-S2-E6-M6-C2-09.wav,1
105,001-1PR-S7-E2-M12-C33-05.wav,1
106,003-1PR-S2-E6-M6-C17-08.wav,1
107,101-0PR-S6-E8-M13-C0-07.wav,0
108,101-0PR-S6-E8-M13-C0-04.wav,0
109,209-2PR-S17-E11-M12-C59-01.wav,1
110,009-0PR-S2-E6-M10-C0-02.wav,0
111,100-0PR-S6-E8-M14-C0-01.wav,0
112,002-2PR-S8-E4-M16-C43-05.wav,1
113,010-0PR-S2-E6-M2-C0-05.wav,0
114,003-1PR-S2-E6-M6-C2-05.wav,1
115,002-0PR-S8-E4-M16-C0-07.wav,0
116,003-2PR-S2-E6-M6-C6-06.wav,1
117,002-0PR-S8-E4-M16-C0-02.wav,0
118,002-1PR-S8-E4-M16-C43-04.wav,1
119,003-1PR-S2-E6-M6-C14-09.wav,1
120,003-1PR-S2-E6-M6-C4-06.wav,1
121,004-0PR-S2-E6-M6-C0-07.wav,0
122,210-0PR-S18-E15-M35-C0-29.wav,0
123,094-0PR-S6-E8-M16-C0-02.wav,0
124,003-1PR-S2-E6-M6-C11-05.wav,1
125,003-2PR-S2-E6-M6-C4-01.wav,1
126,210-0PR-S18-E15-M35-C0-15.wav,0
127,100-0PR-S6-E8-M14-C0-02.wav,0
128,002-2PR-S8-E4-M16-C60-03.wav,1
129,126-0PR-S7-E7-M13-C47-04.wav,0
130,003-1PR-S2-E6-M6-C10-01.wav,1
131,002-1PR-S8-E4-M16-C60-06.wav,1
132,003-1PR-S2-E6-M6-C17-03.wav,1
133,003-1PR-S2-E6-M6-C7-06.wav,1
134,002-1PR-S8-E4-M16-C60-03.wav,1
135,001-1PR-S7-E2-M12-C60-09.wav,1
136,002-2PR-S8-E4-M16-C43-01.wav,1
137,003-2PR-S2-E6-M6-C3-08.wav,1
138,001-2PR-S7-E2-M12-C43-05.wav,1
139,208-2PR-S16-E2-M11-C59-02.wav,1
140,097-0PR-S6-E8-M12-C0-02.wav,0
141,003-2PR-S2-E6-M6-C4-07.wav,1
142,003-1PR-S2-E6-M6-C1-08.wav,1
143,003-2PR-S2-E6-M6-C10-06.wav,1
144,001-0PR-S7-E2-M12-C0-01.wav,0
145,002-2PR-S8-E4-M16-C43-06.wav,1
146,001-2PR-S7-E2-M12-C60-02.wav,1
147,096-0PR-S6-E8-M1-C0-05.wav,0
148,003-2PR-S2-E6-M6-26C-02.wav,1
149,006-0PR-S2-E6-M2-C0-08.wav,0
150,001-1PR-S7-E2-M12-C43-01.wav,1
151,210-0PR-S18-E15-M35-C0-19.wav,0
152,094-0PR-S6-E8-M16-C0-05.wav,0
153,003-2PR-S2-E6-M6-C11-07.wav,1
154,003-2PR-S2-E6-M6-C2-01.wav,1
155,001-2PR-S7-E2-M12-C43-04.wav,1
156,003-1PR-S2-E6-M6-C11-06.wav,1
157,002-0PR-S8-E4-M16-C0-06.wav,0
158,124-0PR-S7-E7-M13-C0-09.wav,0
159,101-0PR-S6-E8-M13-C0-09.wav,0
160,002-1PR-S8-E4-M16-C43-09.wav,1
161,002-2PR-S8-E4-M16-C33-07.wav,1
162,003-2PR-S2-E6-M6-C4-05.wav,1
163,100-0PR-S6-E8-M14-C0-07.wav,0
164,210-0PR-S18-E15-M35-C0-17.wav,0
165,003-1PR-S2-E6-M6-C16-01.wav,1
166,003-1PR-S2-E6-M6-C4-07.wav,1
167,210-0PR-S18-E15-M35-C0-31.wav,0
168,003-1PR-S2-E6-M6-26C-02.wav,1
169,001-1PR-S7-E2-M12-C60-02.wav,1
170,003-1PR-S2-E6-M6-C15-07.wav,1
171,003-1PR-S2-E6-M6-C17-04.wav,1
172,003-2PR-S2-E6-M6-C12-04.wav,1
173,126-0PR-S7-E7-M13-C37-08.wav,0
174,003-1PR-S2-E6-M6-C9-05.wav,1
175,001-2PR-S7-E2-M12-C33-05.wav,1
176,094-0PR-S6-E8-M16-C0-07.wav,0
177,002-1PR-S8-E4-M16-C33-05.wav,1
178,003-1PR-S2-E6-M6-C7-07.wav,1
179,001-2PR-S7-E2-M12-C33-02.wav,1
180,002-2PR-S8-E4-M16-C43-07.wav,1
181,007-0PR-S2-E6-M7-C0-09.wav,0
182,210-0PR-S18-E15-M35-C0-24.wav,0
183,003-2PR-S2-E6-M6-C12-05.wav,1
184,006-0PR-S2-E6-M2-C0-05.wav,0
185,101-0PR-S6-E8-M13-C0-08.wav,0
186,002-1PR-S8-E4-M16-C43-06.wav,1
187,003-1PR-S2-E6-M6-C14-07.wav,1
188,099-0PR-S6-E8-M13-C0-08.wav,0
189,003-2PR-S2-E6-M6-C13-05.wav,1
190,003-1PR-S2-E6-M6-C4-02.wav,1
191,009-0PR-S2-E6-M10-C0-07.wav,0
192,003-2PR-S2-E6-M6-26C-09.wav,1
193,096-0PR-S6-E8-M1-C0-03.wav,0
194,206-2PR-S16-E2-M31-C59-02.wav,1
195,003-1PR-S2-E6-M6-C15-01.wav,1
196,003-1PR-S2-E6-M6-C8-05.wav,1
197,001-1PR-S7-E2-M12-C60-05.wav,1
198,003-2PR-S2-E6-M6-C4-09.wav,1
199,003-1PR-S2-E6-M6-C4-04.wav,1
200,002-2PR-S8-E4-M16-C33-04.wav,1
201,006-0PR-S2-E6-M2-C0-09.wav,0
202,003-2PR-S2-E6-M6-C1-05.wav,1
203,004-0PR-S2-E6-M6-C0-06.wav,0
204,001-0PR-S7-E2-M12-C0-03.wav,0
205,001-1PR-S7-E2-M12-C33-07.wav,1
206,004-0PR-S2-E6-M6-C0-02.wav,0
207,003-1PR-S2-E6-M6-C16-09.wav,1
208,003-1PR-S2-E6-M6-C3-09.wav,1
209,094-0PR-S6-E8-M16-C0-09.wav,0
210,003-2PR-S2-E6-M6-C5-05.wav,1
211,006-0PR-S2-E6-M2-C0-07.wav,0
212,003-2PR-S2-E6-M6-C9-03.wav,1
213,100-0PR-S6-E8-M14-C0-04.wav,0
214,003-2PR-S2-E6-M6-C5-02.wav,1
215,211-0PR-S19-E2-M32-C0-03.wav,0
216,004-0PR-S2-E6-M6-C0-04.wav,0
217,003-2PR-S2-E6-M6-C8-09.wav,1
218,003-2PR-S2-E6-M6-C8-04.wav,1
219,003-1PR-S2-E6-M6-C12-06.wav,1
220,002-0PR-S8-E4-M16-C0-09.wav,0
221,007-0PR-S2-E6-M7-C0-08.wav,0
222,003-2PR-S2-E6-M6-C5-01.wav,1
223,211-0PR-S19-E2-M32-C0-04.wav,0
224,003-1PR-S2-E6-M6-C7-03.wav,1
225,002-1PR-S8-E4-M16-C33-01.wav,1
226,001-2PR-S7-E2-M12-C33-03.wav,1
227,003-2PR-S2-E6-M6-C5-07.wav,1
228,207-2PR-S16-E2-M11-C59-01.wav,1
229,206-2PR-S16-E2-M31-C59-09.wav,1
230,210-0PR-S18-E15-M35-C0-21.wav,0
231,003-1PR-S2-E6-M6-C6-03.wav,1
232,003-1PR-S2-E6-M6-C17-02.wav,1
233,003-1PR-S2-E6-M6-C3-08.wav,1
234,003-1PR-S2-E6-M6-C14-06.wav,1
235,003-1PR-S2-E6-M6-C8-09.wav,1
236,003-1PR-S2-E6-M6-C11-09.wav,1
237,003-2PR-S2-E6-M6-C1-09.wav,1
238,003-1PR-S2-E6-M6-C8-07.wav,1
239,003-1PR-S2-E6-M6-C7-09.wav,1
240,003-1PR-S2-E6-M6-C13-07.wav,1
241,097-0PR-S6-E8-M12-C0-07.wav,0
242,001-0PR-S7-E2-M12-C0-06.wav,0
243,101-0PR-S6-E8-M13-C0-06.wav,0
244,005-0PR-S2-E6-M10-C0-06.wav,0
245,001-1PR-S7-E2-M12-C33-06.wav,1
246,210-0PR-S18-E15-M35-C0-28.wav,0
247,001-1PR-S7-E2-M12-C33-01.wav,1
248,211-0PR-S19-E2-M32-C0-07.wav,0
249,002-2PR-S8-E4-M16-C33-08.wav,1
250,003-2PR-S2-E6-M6-C12-09.wav,1
251,205-2PR-S16-E2-M31-C59-22.wav,1
252,007-0PR-S2-E6-M7-C0-03.wav,0
253,094-0PR-S6-E8-M16-C0-01.wav,0
254,003-2PR-S2-E6-M6-C12-06.wav,1
255,003-2PR-S2-E6-M6-C4-03.wav,1
256,208-2PR-S16-E2-M11-C59-08.wav,1
257,210-0PR-S18-E15-M35-C0-13.wav,0
258,002-0PR-S8-E4-M16-C0-08.wav,0
259,001-2PR-S7-E2-M12-C43-09.wav,1
260,001-2PR-S7-E2-M12-C33-06.wav,1
261,001-2PR-S7-E2-M12-C60-08.wav,1
262,003-1PR-S2-E6-M6-C17-07.wav,1
263,208-2PR-S16-E2-M11-C59-01.wav,1
264,003-2PR-S2-E6-M6-C4-02.wav,1
265,004-0PR-S2-E6-M6-C0-03.wav,0
266,003-1PR-S2-E6-M6-C12-03.wav,1
267,003-1PR-S2-E6-M6-C9-07.wav,1
268,003-1PR-S2-E6-M6-C16-05.wav,1
269,001-2PR-S7-E2-M12-C33-09.wav,1
270,003-2PR-S2-E6-M6-C8-03.wav,1
271,002-1PR-S8-E4-M16-C60-05.wav,1
272,003-1PR-S2-E6-M6-C1-04.wav,1
273,003-2PR-S2-E6-M6-C1-03.wav,1
274,003-2PR-S2-E6-M6-C9-07.wav,1
275,001-2PR-S7-E2-M12-C43-01.wav,1
276,002-2PR-S8-E4-M16-C43-03.wav,1
277,096-0PR-S6-E8-M1-C0-04.wav,0
278,003-0PR-S2-E6-M6-C0-07.wav,0
279,002-2PR-S8-E4-M16-C60-01.wav,1
280,095-0PR-S6-E8-M6-C0-06.wav,0
281,002-2PR-S8-E4-M16-C33-06.wav,1
282,003-1PR-S2-E6-M6-C8-06.wav,1
283,003-1PR-S2-E6-M6-C1-09.wav,1
284,003-2PR-S2-E6-M6-C6-01.wav,1
285,010-0PR-S2-E6-M2-C0-04.wav,0
286,003-1PR-S2-E6-M6-C6-07.wav,1
287,096-0PR-S6-E8-M1-C0-06.wav,0
288,004-0PR-S2-E6-M6-C0-09.wav,0
289,002-2PR-S8-E4-M16-C60-08.wav,1
290,003-1PR-S2-E6-M6-C4-09.wav,1
291,124-0PR-S7-E7-M13-C0-04.wav,0
292,123-0PR-S6-E5-M11-C0-04.wav,0
293,003-2PR-S2-E6-M6-C7-01.wav,1
294,003-2PR-S2-E6-M6-26C-04.wav,1
295,003-1PR-S2-E6-M6-C12-05.wav,1
296,002-1PR-S8-E4-M16-C33-09.wav,1
297,210-0PR-S18-E15-M35-C0-26.wav,0
298,003-1PR-S2-E6-M6-C3-03.wav,1
299,006-0PR-S2-E6-M2-C0-03.wav,0
300,205-2PR-S16-E2-M31-C59-30.wav,1
301,003-1PR-S2-E6-M6-26C-05.wav,1
302,100-0PR-S6-E8-M14-C0-03.wav,0
303,004-0PR-S2-E6-M6-C0-05.wav,0
304,001-1PR-S7-E2-M12-C33-02.wav,1
305,001-2PR-S7-E2-M12-C43-08.wav,1
306,003-1PR-S2-E6-M6-C10-07.wav,1
307,207-2PR-S16-E2-M11-C59-07.wav,1
308,003-1PR-S2-E6-M6-C17-09.wav,1
309,101-0PR-S6-E8-M13-C0-02.wav,0
310,003-1PR-S2-E6-M6-26C-09.wav,1
311,003-2PR-S2-E6-M6-C10-04.wav,1
312,003-2PR-S2-E6-M6-C2-04.wav,1
313,003-2PR-S2-E6-M6-C6-03.wav,1
314,003-2PR-S2-E6-M6-C7-08.wav,1
315,003-2PR-S2-E6-M6-C10-05.wav,1
316,209-2PR-S17-E11-M12-C59-03.wav,1
317,001-2PR-S7-E2-M12-C43-06.wav,1
318,002-1PR-S8-E4-M16-C33-04.wav,1
319,096-0PR-S6-E8-M1-C0-01.wav,0
320,003-2PR-S2-E6-M6-C2-08.wav,1
321,003-2PR-S2-E6-M6-C7-05.wav,1
322,126-0PR-S7-E7-M13-C47-01.wav,0
323,002-2PR-S8-E4-M16-C60-09.wav,1
324,003-2PR-S2-E6-M6-26C-03.wav,1
325,003-1PR-S2-E6-M6-C10-08.wav,1
326,002-2PR-S8-E4-M16-C43-04.wav,1
327,207-2PR-S16-E2-M11-C59-05.wav,1
328,003-1PR-S2-E6-M6-C6-05.wav,1
329,210-0PR-S18-E15-M35-C0-22.wav,0
330,001-1PR-S7-E2-M12-C43-08.wav,1
331,001-2PR-S7-E2-M12-C43-07.wav,1
332,001-1PR-S7-E2-M12-C33-08.wav,1
333,001-1PR-S7-E2-M12-C43-02.wav,1
334,003-2PR-S2-E6-M6-C10-07.wav,1
335,002-1PR-S8-E4-M16-C60-09.wav,1
336,003-1PR-S2-E6-M6-C10-03.wav,1
337,003-1PR-S2-E6-M6-C10-09.wav,1
338,003-1PR-S2-E6-M6-C1-07.wav,1
339,003-1PR-S2-E6-M6-C6-01.wav,1
340,003-2PR-S2-E6-M6-C11-04.wav,1
341,003-2PR-S2-E6-M6-C3-04.wav,1
342,003-2PR-S2-E6-M6-C11-03.wav,1
343,003-2PR-S2-E6-M6-C1-08.wav,1
344,210-0PR-S18-E15-M35-C0-27.wav,0
345,205-2PR-S16-E2-M31-C59-26.wav,1
346,003-1PR-S2-E6-M6-C14-08.wav,1
347,124-0PR-S7-E7-M13-C0-02.wav,0
348,003-2PR-S2-E6-M6-C10-03.wav,1
349,003-0PR-S2-E6-M6-C0-05.wav,0
350,003-1PR-S2-E6-M6-C15-04.wav,1
351,003-1PR-S2-E6-M6-C5-04.wav,1
352,002-2PR-S8-E4-M16-C33-09.wav,1
353,001-1PR-S7-E2-M12-C60-08.wav,1
354,009-0PR-S2-E6-M10-C0-01.wav,0
355,003-2PR-S2-E6-M6-C1-04.wav,1
356,003-2PR-S2-E6-M6-C9-05.wav,1
357,093-0PR-S6-E8-M12-C0-07.wav,0
358,003-1PR-S2-E6-M6-C2-04.wav,1
359,003-1PR-S2-E6-M6-C15-09.wav,1
360,001-2PR-S7-E2-M12-C33-04.wav,1
361,210-0PR-S18-E15-M35-C0-16.wav,0
